{
  "MAE": 17.193689346313477,
  "RMSE": 23.05582320991204,
  "R2": 0.5891802310943604
}